아이템 이름, 개수 , 가격 , 개당 가격 ,날짜,
시그너스 기사단 패키지 선택권,7," 477,777,777 "," 68,253,968 ",2024-06-20,
시그너스 기사단 패키지 선택권,7," 480,000,000 "," 68,571,429 ",2024-06-20,
시그너스 기사단 패키지 선택권,7," 499,990,000 "," 71,427,143 ",2024-06-20,
시그너스 기사단 패키지 선택권,7," 499,999,999 "," 71,428,571 ",2024-06-20,
시그너스 기사단 패키지 선택권,7," 499,989,999 "," 71,427,143 ",2024-06-20,
시그너스 기사단 패키지 선택권,7," 69,999,999 "," 10,000,000 ",2024-06-20,
시그너스 기사단 패키지 선택권,7," 499,999,990 "," 71,428,570 ",2024-06-20,
시그너스 기사단 패키지 선택권,7," 499,999,999 "," 71,428,571 ",2024-06-20,
시그너스 기사단 패키지 선택권,7," 555,555,555 "," 79,365,079 ",2024-06-20,
시그너스 기사단 패키지 선택권,7," 555,500,000 "," 79,357,143 ",2024-06-20,
시그너스 기사단 패키지 선택권,7," 550,000,000 "," 78,571,429 ",2024-06-20,
시그너스 기사단 패키지 선택권,7," 499,999,999 "," 71,428,571 ",2024-06-20,
시그너스 기사단 패키지 선택권,7," 488,888,888 "," 69,841,270 ",2024-06-20,
시그너스 기사단 패키지 선택권,7," 488,888,888 "," 69,841,270 ",2024-06-20,
시그너스 기사단 패키지 선택권,7," 499,988,888 "," 71,426,984 ",2024-06-20,
시그너스 기사단 패키지 선택권,7," 549,999,999 "," 78,571,428 ",2024-06-20,
시그너스 기사단 패키지 선택권,7," 522,222,222 "," 74,603,175 ",2024-06-20,
시그너스 기사단 패키지 선택권,7," 550,000,000 "," 78,571,429 ",2024-06-20,
시그너스 기사단 패키지 선택권,7," 588,000,000 "," 84,000,000 ",2024-06-20,
시그너스 기사단 패키지 선택권,7," 577,777,777 "," 82,539,682 ",2024-06-20,
시그너스 기사단 패키지 선택권,7," 577,000,000 "," 82,428,571 ",2024-06-20,
시그너스 기사단 패키지 선택권,7," 576,000,000 "," 82,285,714 ",2024-06-20,
시그너스 기사단 패키지 선택권,7," 575,599,999 "," 82,228,571 ",2024-06-20,
시그너스 기사단 패키지 선택권,7," 575,555,555 "," 82,222,222 ",2024-06-20,
시그너스 기사단 패키지 선택권,7," 569,999,900 "," 81,428,557 ",2024-06-20,
시그너스 기사단 패키지 선택권,7," 569,999,909 "," 81,428,558 ",2024-06-20,
시그너스 기사단 패키지 선택권,7," 554,000,000 "," 79,142,857 ",2024-06-20,
시그너스 기사단 패키지 선택권,7," 550,000,000 "," 78,571,429 ",2024-06-20,
시그너스 기사단 패키지 선택권,7," 552,222,222 "," 78,888,889 ",2024-06-20,
시그너스 기사단 패키지 선택권,7," 552,222,222 "," 78,888,889 ",2024-06-20,
시그너스 기사단 패키지 선택권,7," 552,222,222 "," 78,888,889 ",2024-06-20,
시그너스 기사단 패키지 선택권,7," 553,333,303 "," 79,047,615 ",2024-06-20,
시그너스 기사단 패키지 선택권,7," 549,999,999 "," 78,571,428 ",2024-06-20,
시그너스 기사단 패키지 선택권,7," 550,000,000 "," 78,571,429 ",2024-06-20,
시그너스 기사단 패키지 선택권,7," 553,333,303 "," 79,047,615 ",2024-06-20,
시그너스 기사단 패키지 선택권,7," 553,322,222 "," 79,046,032 ",2024-06-20,
시그너스 기사단 패키지 선택권,7," 569,999,999 "," 81,428,571 ",2024-06-20,
시그너스 기사단 패키지 선택권,7," 575,000,000 "," 82,142,857 ",2024-06-20,
시그너스 기사단 패키지 선택권,7," 575,000,000 "," 82,142,857 ",2024-06-20,
시그너스 기사단 패키지 선택권,7," 985,000,000 "," 140,714,286 ",2024-06-20,
시그너스 기사단 패키지 선택권,7," 997,000,000 "," 142,428,571 ",2024-06-20,
시그너스 기사단 패키지 선택권,7," 1,390,000,000 "," 198,571,429 ",2024-06-20,
시그너스 기사단 패키지 선택권,7," 777,777,777 "," 111,111,111 ",2024-06-20,
시그너스 기사단 패키지 선택권,7," 799,999,999 "," 114,285,714 ",2024-06-20,
시그너스 기사단 패키지 선택권,7," 800,000,000 "," 114,285,714 ",2024-06-20,
시그너스 기사단 패키지 선택권,7," 920,000,000 "," 131,428,571 ",2024-06-20,
시그너스 기사단 패키지 선택권,7," 998,888,888 "," 142,698,413 ",2024-06-20,
시그너스 기사단 패키지 선택권,7," 999,998,888 "," 142,856,984 ",2024-06-20,
시그너스 기사단 패키지 선택권,7," 990,000,000 "," 141,428,571 ",2024-06-20,
시그너스 기사단 패키지 선택권,7," 989,878,888 "," 141,411,270 ",2024-06-20,
시그너스 기사단 패키지 선택권,7," 999,999,999 "," 142,857,143 ",2024-06-20,
시그너스 기사단 패키지 선택권,7," 1,048,989,777 "," 149,855,682 ",2024-06-20,
시그너스 기사단 패키지 선택권,7," 1,032,222,222 "," 147,460,317 ",2024-06-20,
시그너스 기사단 패키지 선택권,7," 1,033,333,333 "," 147,619,048 ",2024-06-20,
시그너스 기사단 패키지 선택권,7," 999,999,999 "," 142,857,143 ",2024-06-20,
시그너스 기사단 패키지 선택권,7," 1,020,000,000 "," 145,714,286 ",2024-06-20,
시그너스 기사단 패키지 선택권,7," 1,027,900,000 "," 146,842,857 ",2024-06-20,
시그너스 기사단 패키지 선택권,7," 1,025,000,000 "," 146,428,571 ",2024-06-20,
시그너스 기사단 패키지 선택권,7," 999,888,888 "," 142,841,270 ",2024-06-20,
시그너스 기사단 패키지 선택권,7," 989,999,999 "," 141,428,571 ",2024-06-20,
시그너스 기사단 패키지 선택권,7," 990,000,000 "," 141,428,571 ",2024-06-20,
시그너스 기사단 패키지 선택권,7," 999,000,000 "," 142,714,286 ",2024-06-20,
시그너스 기사단 패키지 선택권,7," 999,000,000 "," 142,714,286 ",2024-06-20,
시그너스 기사단 패키지 선택권,7," 949,999,999 "," 135,714,286 ",2024-06-20,
시그너스 기사단 패키지 선택권,7," 940,000,000 "," 134,285,714 ",2024-06-20,
시그너스 기사단 패키지 선택권,7," 899,999,999 "," 128,571,428 ",2024-06-20,
시그너스 기사단 패키지 선택권,7," 866,666,666 "," 123,809,524 ",2024-06-20,
시그너스 기사단 패키지 선택권,7," 855,555,555 "," 122,222,222 ",2024-06-20,
시그너스 기사단 패키지 선택권,7," 855,555,554 "," 122,222,222 ",2024-06-20,
시그너스 기사단 패키지 선택권,7," 855,555,555 "," 122,222,222 ",2024-06-20,
시그너스 기사단 패키지 선택권,7," 855,555,000 "," 122,222,143 ",2024-06-20,
시그너스 기사단 패키지 선택권,7," 935,555,555 "," 133,650,794 ",2024-06-21,
시그너스 기사단 패키지 선택권,7," 940,000,000 "," 134,285,714 ",2024-06-21,
시그너스 기사단 패키지 선택권,7," 959,999,999 "," 137,142,857 ",2024-06-21,
시그너스 기사단 패키지 선택권,7," 960,000,000 "," 137,142,857 ",2024-06-21,
시그너스 기사단 패키지 선택권,7," 950,000,000 "," 135,714,286 ",2024-06-21,
시그너스 기사단 패키지 선택권,7," 990,000,000 "," 141,428,571 ",2024-06-21,
시그너스 기사단 패키지 선택권,7," 998,888,800 "," 142,698,400 ",2024-06-21,
시그너스 기사단 패키지 선택권,7," 987,654,321 "," 141,093,474 ",2024-06-21,
시그너스 기사단 패키지 선택권,7," 988,877,777 "," 141,268,254 ",2024-06-21,
시그너스 기사단 패키지 선택권,7," 998,888,800 "," 142,698,400 ",2024-06-21,
시그너스 기사단 패키지 선택권,7," 989,000,000 "," 141,285,714 ",2024-06-21,
시그너스 기사단 패키지 선택권,7," 996,900,000 "," 142,414,286 ",2024-06-21,
시그너스 기사단 패키지 선택권,7," 998,888,887 "," 142,698,412 ",2024-06-21,
시그너스 기사단 패키지 선택권,7," 977,777,777 "," 139,682,540 ",2024-06-21,
시그너스 기사단 패키지 선택권,7," 980,000,000 "," 140,000,000 ",2024-06-21,
시그너스 기사단 패키지 선택권,7," 999,000,000 "," 142,714,286 ",2024-06-21,
시그너스 기사단 패키지 선택권,7," 955,555,555 "," 136,507,936 ",2024-06-21,
시그너스 기사단 패키지 선택권,7," 994,444,444 "," 142,063,492 ",2024-06-21,
시그너스 기사단 패키지 선택권,7," 995,000,000 "," 142,142,857 ",2024-06-21,
시그너스 기사단 패키지 선택권,7," 1,040,000,000 "," 148,571,429 ",2024-06-21,
시그너스 기사단 패키지 선택권,7," 1,099,999,999 "," 157,142,857 ",2024-06-21,
시그너스 기사단 패키지 선택권,7," 1,099,999,999 "," 157,142,857 ",2024-06-21,
시그너스 기사단 패키지 선택권,7," 1,045,555,555 "," 149,365,079 ",2024-06-21,
시그너스 기사단 패키지 선택권,7," 988,888,888 "," 141,269,841 ",2024-06-21,
시그너스 기사단 패키지 선택권,7," 977,777,777 "," 139,682,540 ",2024-06-21,
시그너스 기사단 패키지 선택권,7," 699,999,999 "," 100,000,000 ",2024-06-21,
시그너스 기사단 패키지 선택권,7," 977,777,775 "," 139,682,539 ",2024-06-21,
시그너스 기사단 패키지 선택권,7," 950,000,000 "," 135,714,286 ",2024-06-21,
시그너스 기사단 패키지 선택권,7," 856,666,664 "," 122,380,952 ",2024-06-21,
시그너스 기사단 패키지 선택권,7," 880,000,000 "," 125,714,286 ",2024-06-21,
시그너스 기사단 패키지 선택권,7," 888,888,888 "," 126,984,127 ",2024-06-21,
시그너스 기사단 패키지 선택권,7," 899,999,988 "," 128,571,427 ",2024-06-21,
시그너스 기사단 패키지 선택권,7," 899,999,998 "," 128,571,428 ",2024-06-21,
시그너스 기사단 패키지 선택권,7," 899,999,999 "," 128,571,428 ",2024-06-21,
시그너스 기사단 패키지 선택권,7," 977,777,776 "," 139,682,539 ",2024-06-21,
시그너스 기사단 패키지 선택권,7," 879,999,999 "," 125,714,286 ",2024-06-21,
시그너스 기사단 패키지 선택권,7," 880,000,000 "," 125,714,286 ",2024-06-21,
시그너스 기사단 패키지 선택권,7," 900,000,000 "," 128,571,429 ",2024-06-21,
시그너스 기사단 패키지 선택권,7," 1,033,333,333 "," 147,619,048 ",2024-06-21,
시그너스 기사단 패키지 선택권,7," 1,000,000,000 "," 142,857,143 ",2024-06-21,
시그너스 기사단 패키지 선택권,7," 1,044,999,999 "," 149,285,714 ",2024-06-21,
시그너스 기사단 패키지 선택권,7," 1,044,000,000 "," 149,142,857 ",2024-06-21,
시그너스 기사단 패키지 선택권,7," 1,040,000,000 "," 148,571,429 ",2024-06-21,
시그너스 기사단 패키지 선택권,7," 1,044,444,442 "," 149,206,349 ",2024-06-22,
시그너스 기사단 패키지 선택권,7," 1,044,444,443 "," 149,206,349 ",2024-06-22,
시그너스 기사단 패키지 선택권,7," 1,044,444,444 "," 149,206,349 ",2024-06-22,
시그너스 기사단 패키지 선택권,7," 1,045,000,000 "," 149,285,714 ",2024-06-22,
시그너스 기사단 패키지 선택권,7," 1,045,000,000 "," 149,285,714 ",2024-06-22,
시그너스 기사단 패키지 선택권,7," 1,044,999,990 "," 149,285,713 ",2024-06-22,
시그너스 기사단 패키지 선택권,7," 1,045,000,000 "," 149,285,714 ",2024-06-22,
시그너스 기사단 패키지 선택권,7," 1,045,000,000 "," 149,285,714 ",2024-06-22,
시그너스 기사단 패키지 선택권,7," 1,044,444,444 "," 149,206,349 ",2024-06-22,
시그너스 기사단 패키지 선택권,7," 1,044,444,444 "," 149,206,349 ",2024-06-22,
시그너스 기사단 패키지 선택권,7," 1,042,000,000 "," 148,857,143 ",2024-06-22,
시그너스 기사단 패키지 선택권,7," 1,030,000,000 "," 147,142,857 ",2024-06-22,
시그너스 기사단 패키지 선택권,7," 1,000,000,000 "," 142,857,143 ",2024-06-22,
시그너스 기사단 패키지 선택권,7," 999,999,999 "," 142,857,143 ",2024-06-22,
시그너스 기사단 패키지 선택권,7," 1,000,000,000 "," 142,857,143 ",2024-06-22,
시그너스 기사단 패키지 선택권,7," 1,044,444,444 "," 149,206,349 ",2024-06-22,
시그너스 기사단 패키지 선택권,7," 1,045,555,554 "," 149,365,079 ",2024-06-22,
시그너스 기사단 패키지 선택권,7," 1,045,555,555 "," 149,365,079 ",2024-06-22,
시그너스 기사단 패키지 선택권,7," 950,000,000 "," 135,714,286 ",2024-06-22,
시그너스 기사단 패키지 선택권,7," 1,045,555,555 "," 149,365,079 ",2024-06-22,
시그너스 기사단 패키지 선택권,7," 1,045,555,555 "," 149,365,079 ",2024-06-22,
시그너스 기사단 패키지 선택권,7," 1,050,000,000 "," 150,000,000 ",2024-06-22,
시그너스 기사단 패키지 선택권,7," 1,100,000,000 "," 157,142,857 ",2024-06-22,
시그너스 기사단 패키지 선택권,7," 1,150,000,000 "," 164,285,714 ",2024-06-22,
시그너스 기사단 패키지 선택권,7," 1,790,000,000 "," 255,714,286 ",2024-06-22,
시그너스 기사단 패키지 선택권,7," 1,883,333,333 "," 269,047,619 ",2024-06-22,
시그너스 기사단 패키지 선택권,7," 1,884,000,000 "," 269,142,857 ",2024-06-22,
시그너스 기사단 패키지 선택권,7," 1,500,000,000 "," 214,285,714 ",2024-06-22,
시그너스 기사단 패키지 선택권,7," 1,499,999,999 "," 214,285,714 ",2024-06-22,
시그너스 기사단 패키지 선택권,7," 1,499,998,888 "," 214,285,555 ",2024-06-22,
시그너스 기사단 패키지 선택권,7," 1,475,555,555 "," 210,793,651 ",2024-06-23,
시그너스 기사단 패키지 선택권,7," 1,433,333,333 "," 204,761,905 ",2024-06-23,
시그너스 기사단 패키지 선택권,7," 1,450,000,000 "," 207,142,857 ",2024-06-23,
시그너스 기사단 패키지 선택권,7," 1,438,999,999 "," 205,571,428 ",2024-06-23,
시그너스 기사단 패키지 선택권,7," 1,397,000,000 "," 199,571,429 ",2024-06-23,
시그너스 기사단 패키지 선택권,7," 1,399,999,999 "," 200,000,000 ",2024-06-23,
시그너스 기사단 패키지 선택권,7," 1,309,999,999 "," 187,142,857 ",2024-06-23,
시그너스 기사단 패키지 선택권,7," 1,329,900,000 "," 189,985,714 ",2024-06-23,
시그너스 기사단 패키지 선택권,7," 1,329,999,990 "," 189,999,999 ",2024-06-23,
시그너스 기사단 패키지 선택권,7," 1,329,999,999 "," 190,000,000 ",2024-06-23,
시그너스 기사단 패키지 선택권,7," 1,348,888,888 "," 192,698,413 ",2024-06-23,
시그너스 기사단 패키지 선택권,7," 1,349,999,999 "," 192,857,143 ",2024-06-23,
시그너스 기사단 패키지 선택권,7," 1,355,555,555 "," 193,650,794 ",2024-06-23,
시그너스 기사단 패키지 선택권,7," 1,349,999,999 "," 192,857,143 ",2024-06-23,
시그너스 기사단 패키지 선택권,7," 1,360,000,000 "," 194,285,714 ",2024-06-23,
시그너스 기사단 패키지 선택권,7," 1,394,444,444 "," 199,206,349 ",2024-06-23,
시그너스 기사단 패키지 선택권,7," 1,393,999,999 "," 199,142,857 ",2024-06-23,
시그너스 기사단 패키지 선택권,7," 1,392,000,000 "," 198,857,143 ",2024-06-23,
시그너스 기사단 패키지 선택권,7," 1,393,999,999 "," 199,142,857 ",2024-06-23,
시그너스 기사단 패키지 선택권,7," 1,394,444,444 "," 199,206,349 ",2024-06-23,
시그너스 기사단 패키지 선택권,7," 1,394,999,999 "," 199,285,714 ",2024-06-23,
시그너스 기사단 패키지 선택권,7," 1,399,888,888 "," 199,984,127 ",2024-06-23,
시그너스 기사단 패키지 선택권,7," 1,399,999,999 "," 200,000,000 ",2024-06-23,
시그너스 기사단 패키지 선택권,7," 1,399,555,555 "," 199,936,508 ",2024-06-23,
시그너스 기사단 패키지 선택권,7," 1,400,000,000 "," 200,000,000 ",2024-06-23,
시그너스 기사단 패키지 선택권,7," 1,400,000,000 "," 200,000,000 ",2024-06-23,
시그너스 기사단 패키지 선택권,7," 1,400,000,000 "," 200,000,000 ",2024-06-23,
시그너스 기사단 패키지 선택권,7," 1,499,998,888 "," 214,285,555 ",2024-06-23,
시그너스 기사단 패키지 선택권,7," 1,477,777,777 "," 211,111,111 ",2024-06-23,
시그너스 기사단 패키지 선택권,7," 1,475,555,555 "," 210,793,651 ",2024-06-23,
시그너스 기사단 패키지 선택권,7," 1,469,700,000 "," 209,957,143 ",2024-06-23,
시그너스 기사단 패키지 선택권,7," 1,459,999,999 "," 208,571,428 ",2024-06-23,
시그너스 기사단 패키지 선택권,7," 1,459,999,999 "," 208,571,428 ",2024-06-23,
시그너스 기사단 패키지 선택권,7," 1,460,000,000 "," 208,571,429 ",2024-06-23,
시그너스 기사단 패키지 선택권,7," 1,466,666,666 "," 209,523,809 ",2024-06-23,
시그너스 기사단 패키지 선택권,7," 1,430,000,000 "," 204,285,714 ",2024-06-23,
시그너스 기사단 패키지 선택권,7," 1,447,999,999 "," 206,857,143 ",2024-06-23,
시그너스 기사단 패키지 선택권,7," 1,445,500,000 "," 206,500,000 ",2024-06-23,
시그너스 기사단 패키지 선택권,7," 1,445,999,999 "," 206,571,428 ",2024-06-23,
시그너스 기사단 패키지 선택권,7," 1,445,999,999 "," 206,571,428 ",2024-06-23,
시그너스 기사단 패키지 선택권,7," 1,445,000,000 "," 206,428,571 ",2024-06-23,
시그너스 기사단 패키지 선택권,7," 1,445,000,000 "," 206,428,571 ",2024-06-23,
시그너스 기사단 패키지 선택권,7," 1,445,555,555 "," 206,507,936 ",2024-06-23,
시그너스 기사단 패키지 선택권,7," 1,446,000,000 "," 206,571,429 ",2024-06-23,
시그너스 기사단 패키지 선택권,7," 1,469,800,000 "," 209,971,429 ",2024-06-23,
시그너스 기사단 패키지 선택권,7," 1,599,999,999 "," 228,571,428 ",2024-06-23,
시그너스 기사단 패키지 선택권,7," 1,798,000,000 "," 256,857,143 ",2024-06-23,
시그너스 기사단 패키지 선택권,7," 1,688,888,888 "," 241,269,841 ",2024-06-23,
시그너스 기사단 패키지 선택권,7," 1,665,555,554 "," 237,936,508 ",2024-06-24,
시그너스 기사단 패키지 선택권,7," 1,664,444,443 "," 237,777,778 ",2024-06-24,
시그너스 기사단 패키지 선택권,7," 1,643,333,333 "," 234,761,905 ",2024-06-24,
시그너스 기사단 패키지 선택권,7," 1,640,000,000 "," 234,285,714 ",2024-06-24,
시그너스 기사단 패키지 선택권,7," 1,639,999,998 "," 234,285,714 ",2024-06-24,
시그너스 기사단 패키지 선택권,7," 1,617,000,000 "," 231,000,000 ",2024-06-24,
시그너스 기사단 패키지 선택권,7," 1,609,999,999 "," 230,000,000 ",2024-06-24,
시그너스 기사단 패키지 선택권,7," 1,609,999,999 "," 230,000,000 ",2024-06-24,
시그너스 기사단 패키지 선택권,7," 1,600,000,000 "," 228,571,429 ",2024-06-24,
시그너스 기사단 패키지 선택권,7," 1,609,999,998 "," 230,000,000 ",2024-06-24,
시그너스 기사단 패키지 선택권,7," 1,599,999,999 "," 228,571,428 ",2024-06-24,
시그너스 기사단 패키지 선택권,7," 1,554,444,433 "," 222,063,490 ",2024-06-24,
시그너스 기사단 패키지 선택권,7," 1,390,000,000 "," 198,571,429 ",2024-06-24,
시그너스 기사단 패키지 선택권,7," 1,476,997,999 "," 210,999,714 ",2024-06-24,
시그너스 기사단 패키지 선택권,7," 1,444,444,444 "," 206,349,206 ",2024-06-24,
시그너스 기사단 패키지 선택권,7," 1,400,000,000 "," 200,000,000 ",2024-06-24,
시그너스 기사단 패키지 선택권,7," 1,388,888,888 "," 198,412,698 ",2024-06-24,
시그너스 기사단 패키지 선택권,7," 1,388,888,888 "," 198,412,698 ",2024-06-24,
시그너스 기사단 패키지 선택권,7," 1,355,555,555 "," 193,650,794 ",2024-06-24,
시그너스 기사단 패키지 선택권,7," 1,355,555,554 "," 193,650,793 ",2024-06-24,
시그너스 기사단 패키지 선택권,7," 1,355,555,554 "," 193,650,793 ",2024-06-24,
시그너스 기사단 패키지 선택권,7," 1,299,998,888 "," 185,714,127 ",2024-06-24,
시그너스 기사단 패키지 선택권,7," 1,299,999,999 "," 185,714,286 ",2024-06-24,
시그너스 기사단 패키지 선택권,7," 1,299,999,999 "," 185,714,286 ",2024-06-24,
시그너스 기사단 패키지 선택권,7," 1,299,999,999 "," 185,714,286 ",2024-06-24,
시그너스 기사단 패키지 선택권,7," 1,344,444,444 "," 192,063,492 ",2024-06-24,
시그너스 기사단 패키지 선택권,7," 1,355,555,555 "," 193,650,794 ",2024-06-25,
시그너스 기사단 패키지 선택권,7," 1,388,888,888 "," 198,412,698 ",2024-06-25,
시그너스 기사단 패키지 선택권,7," 1,399,999,993 "," 199,999,999 ",2024-06-25,
시그너스 기사단 패키지 선택권,7," 1,399,999,999 "," 200,000,000 ",2024-06-25,
시그너스 기사단 패키지 선택권,7," 1,448,999,989 "," 206,999,998 ",2024-06-25,
시그너스 기사단 패키지 선택권,7," 1,449,999,999 "," 207,142,857 ",2024-06-25,
시그너스 기사단 패키지 선택권,7," 1,449,999,999 "," 207,142,857 ",2024-06-25,
시그너스 기사단 패키지 선택권,7," 1,449,865,422 "," 207,123,632 ",2024-06-25,
시그너스 기사단 패키지 선택권,7," 1,380,000,000 "," 197,142,857 ",2024-06-25,
시그너스 기사단 패키지 선택권,7," 1,387,555,555 "," 198,222,222 ",2024-06-25,
시그너스 기사단 패키지 선택권,7," 1,387,444,444 "," 198,206,349 ",2024-06-25,
시그너스 기사단 패키지 선택권,7," 1,387,654,321 "," 198,236,332 ",2024-06-25,
시그너스 기사단 패키지 선택권,7," 1,377,777,777 "," 196,825,397 ",2024-06-25,
시그너스 기사단 패키지 선택권,7," 1,349,999,999 "," 192,857,143 ",2024-06-25,
시그너스 기사단 패키지 선택권,7," 1,299,999,999 "," 185,714,286 ",2024-06-25,
시그너스 기사단 패키지 선택권,7," 1,366,666,666 "," 195,238,095 ",2024-06-25,
시그너스 기사단 패키지 선택권,7," 1,360,000,000 "," 194,285,714 ",2024-06-25,
시그너스 기사단 패키지 선택권,7," 1,300,000,000 "," 185,714,286 ",2024-06-25,
시그너스 기사단 패키지 선택권,7," 1,355,555,555 "," 193,650,794 ",2024-06-25,
시그너스 기사단 패키지 선택권,7," 1,355,555,555 "," 193,650,794 ",2024-06-26,
시그너스 기사단 패키지 선택권,7," 1,357,999,999 "," 194,000,000 ",2024-06-26,
시그너스 기사단 패키지 선택권,7," 1,358,000,000 "," 194,000,000 ",2024-06-26,
시그너스 기사단 패키지 선택권,7," 1,349,999,999 "," 192,857,143 ",2024-06-26,
시그너스 기사단 패키지 선택권,7," 1,357,499,999 "," 193,928,571 ",2024-06-26,
시그너스 기사단 패키지 선택권,7," 1,344,444,444 "," 192,063,492 ",2024-06-26,
시그너스 기사단 패키지 선택권,7," 1,349,999,888 "," 192,857,127 ",2024-06-26,
시그너스 기사단 패키지 선택권,7," 1,349,999,999 "," 192,857,143 ",2024-06-26,
시그너스 기사단 패키지 선택권,7," 1,350,000,000 "," 192,857,143 ",2024-06-26,
시그너스 기사단 패키지 선택권,7," 1,350,000,000 "," 192,857,143 ",2024-06-26,
시그너스 기사단 패키지 선택권,7," 1,358,000,000 "," 194,000,000 ",2024-06-26,
시그너스 기사단 패키지 선택권,7," 1,357,777,777 "," 193,968,254 ",2024-06-26,
시그너스 기사단 패키지 선택권,7," 1,357,988,888 "," 193,998,413 ",2024-06-26,
시그너스 기사단 패키지 선택권,7," 1,350,000,000 "," 192,857,143 ",2024-06-26,
시그너스 기사단 패키지 선택권,7," 1,350,000,000 "," 192,857,143 ",2024-06-26,
시그너스 기사단 패키지 선택권,7," 1,355,554,444 "," 193,650,635 ",2024-06-26,
시그너스 기사단 패키지 선택권,7," 1,350,000,000 "," 192,857,143 ",2024-06-27,
시그너스 기사단 패키지 선택권,7," 1,345,555,555 "," 192,222,222 ",2024-06-27,
시그너스 기사단 패키지 선택권,7," 1,349,999,998 "," 192,857,143 ",2024-06-27,
시그너스 기사단 패키지 선택권,7," 1,349,999,999 "," 192,857,143 ",2024-06-27,
시그너스 기사단 패키지 선택권,7," 1,350,000,000 "," 192,857,143 ",2024-06-27,
시그너스 기사단 패키지 선택권,7," 1,354,444,333 "," 193,492,048 ",2024-06-27,
시그너스 기사단 패키지 선택권,7," 1,333,333,333 "," 190,476,190 ",2024-06-27,
시그너스 기사단 패키지 선택권,7," 1,300,000,000 "," 185,714,286 ",2024-06-27,
시그너스 기사단 패키지 선택권,7," 1,353,333,333 "," 193,333,333 ",2024-06-27,
시그너스 기사단 패키지 선택권,7," 1,354,444,444 "," 193,492,063 ",2024-06-27,
시그너스 기사단 패키지 선택권,7," 1,355,000,000 "," 193,571,429 ",2024-06-27,
시그너스 기사단 패키지 선택권,7," 1,357,999,988 "," 193,999,998 ",2024-06-27,
시그너스 기사단 패키지 선택권,7," 1,355,555,555 "," 193,650,794 ",2024-06-27,
시그너스 기사단 패키지 선택권,7," 1,357,888,888 "," 193,984,127 ",2024-06-27,
시그너스 기사단 패키지 선택권,7," 1,300,000,000 "," 185,714,286 ",2024-06-27,
시그너스 기사단 패키지 선택권,7," 1,319,999,999 "," 188,571,428 ",2024-06-27,
시그너스 기사단 패키지 선택권,7," 1,340,000,000 "," 191,428,571 ",2024-06-27,
시그너스 기사단 패키지 선택권,7," 1,350,000,000 "," 192,857,143 ",2024-06-27,
시그너스 기사단 패키지 선택권,7," 1,357,999,999 "," 194,000,000 ",2024-06-27,
시그너스 기사단 패키지 선택권,7," 1,399,999,999 "," 200,000,000 ",2024-06-27,
시그너스 기사단 패키지 선택권,7," 1,400,000,000 "," 200,000,000 ",2024-06-27,
시그너스 기사단 패키지 선택권,7," 1,471,000,000 "," 210,142,857 ",2024-06-27,
시그너스 기사단 패키지 선택권,7," 1,365,555,555 "," 195,079,365 ",2024-06-28,
시그너스 기사단 패키지 선택권,7," 1,366,655,555 "," 195,236,508 ",2024-06-28,
시그너스 기사단 패키지 선택권,7," 1,598,000,000 "," 228,285,714 ",2024-06-28,
시그너스 기사단 패키지 선택권,7," 1,488,888,888 "," 212,698,413 ",2024-06-28,
시그너스 기사단 패키지 선택권,7," 1,499,999,999 "," 214,285,714 ",2024-06-28,
시그너스 기사단 패키지 선택권,7," 1,490,000,000 "," 212,857,143 ",2024-06-28,
시그너스 기사단 패키지 선택권,7," 1,489,999,999 "," 212,857,143 ",2024-06-28,
시그너스 기사단 패키지 선택권,7," 1,455,555,555 "," 207,936,508 ",2024-06-28,
시그너스 기사단 패키지 선택권,7," 1,399,999,999 "," 200,000,000 ",2024-06-28,
시그너스 기사단 패키지 선택권,7," 1,450,000,000 "," 207,142,857 ",2024-06-28,
시그너스 기사단 패키지 선택권,7," 1,300,000,000 "," 185,714,286 ",2024-06-29,
시그너스 기사단 패키지 선택권,7," 1,299,999,999 "," 185,714,286 ",2024-06-29,
시그너스 기사단 패키지 선택권,7," 1,344,444,444 "," 192,063,492 ",2024-06-29,
시그너스 기사단 패키지 선택권,7," 1,354,444,444 "," 193,492,063 ",2024-06-29,
시그너스 기사단 패키지 선택권,7," 1,355,544,444 "," 193,649,206 ",2024-06-29,
시그너스 기사단 패키지 선택권,7," 1,355,555,553 "," 193,650,793 ",2024-06-29,
시그너스 기사단 패키지 선택권,7," 1,355,555,554 "," 193,650,793 ",2024-06-29,
시그너스 기사단 패키지 선택권,7," 1,333,333,333 "," 190,476,190 ",2024-06-29,
시그너스 기사단 패키지 선택권,7," 1,377,777,777 "," 196,825,397 ",2024-06-29,
시그너스 기사단 패키지 선택권,7," 1,387,777,777 "," 198,253,968 ",2024-06-29,
시그너스 기사단 패키지 선택권,7," 1,398,888,888 "," 199,841,270 ",2024-06-29,
시그너스 기사단 패키지 선택권,7," 1,400,000,000 "," 200,000,000 ",2024-06-29,
시그너스 기사단 패키지 선택권,7," 1,399,999,996 "," 199,999,999 ",2024-06-29,
시그너스 기사단 패키지 선택권,7," 1,398,000,000 "," 199,714,286 ",2024-06-29,
시그너스 기사단 패키지 선택권,7," 1,399,999,997 "," 200,000,000 ",2024-06-29,
시그너스 기사단 패키지 선택권,7," 1,370,000,000 "," 195,714,286 ",2024-06-29,
시그너스 기사단 패키지 선택권,7," 1,369,999,996 "," 195,714,285 ",2024-06-29,
시그너스 기사단 패키지 선택권,7," 1,368,000,000 "," 195,428,571 ",2024-06-29,
시그너스 기사단 패키지 선택권,7," 1,360,000,000 "," 194,285,714 ",2024-06-30,
시그너스 기사단 패키지 선택권,7," 1,345,555,555 "," 192,222,222 ",2024-06-30,
시그너스 기사단 패키지 선택권,7," 1,355,555,555 "," 193,650,794 ",2024-06-30,
시그너스 기사단 패키지 선택권,7," 1,368,000,000 "," 195,428,571 ",2024-06-30,
시그너스 기사단 패키지 선택권,7," 1,368,800,000 "," 195,542,857 ",2024-06-30,
시그너스 기사단 패키지 선택권,7," 1,367,777,777 "," 195,396,825 ",2024-06-30,
시그너스 기사단 패키지 선택권,7," 1,322,222,222 "," 188,888,889 ",2024-06-30,
시그너스 기사단 패키지 선택권,7," 1,359,999,999 "," 194,285,714 ",2024-06-30,
시그너스 기사단 패키지 선택권,7," 1,358,888,888 "," 194,126,984 ",2024-06-30,
시그너스 기사단 패키지 선택권,7," 1,355,555,555 "," 193,650,794 ",2024-06-30,
시그너스 기사단 패키지 선택권,7," 1,345,555,555 "," 192,222,222 ",2024-06-30,
시그너스 기사단 패키지 선택권,7," 1,344,444,444 "," 192,063,492 ",2024-06-30,
시그너스 기사단 패키지 선택권,7," 1,349,988,887 "," 192,855,555 ",2024-06-30,
시그너스 기사단 패키지 선택권,7," 1,349,988,888 "," 192,855,555 ",2024-06-30,
시그너스 기사단 패키지 선택권,7," 1,311,111,119 "," 187,301,588 ",2024-06-30,
시그너스 기사단 패키지 선택권,7," 1,311,111,119 "," 187,301,588 ",2024-06-30,
시그너스 기사단 패키지 선택권,7," 1,344,444,443 "," 192,063,492 ",2024-06-30,
시그너스 기사단 패키지 선택권,7," 1,344,444,444 "," 192,063,492 ",2024-06-30,
시그너스 기사단 패키지 선택권,7," 1,344,000,000 "," 192,000,000 ",2024-06-30,
시그너스 기사단 패키지 선택권,7," 1,344,444,443 "," 192,063,492 ",2024-06-30,
시그너스 기사단 패키지 선택권,7," 1,333,333,333 "," 190,476,190 ",2024-06-30,
시그너스 기사단 패키지 선택권,7," 1,338,888,888 "," 191,269,841 ",2024-06-30,
시그너스 기사단 패키지 선택권,7," 1,299,999,999 "," 185,714,286 ",2024-06-30,
시그너스 기사단 패키지 선택권,7," 1,339,999,998 "," 191,428,571 ",2024-06-30,
시그너스 기사단 패키지 선택권,7," 1,339,999,998 "," 191,428,571 ",2024-06-30,
시그너스 기사단 패키지 선택권,7," 1,339,999,999 "," 191,428,571 ",2024-06-30,
시그너스 기사단 패키지 선택권,7," 1,339,999,999 "," 191,428,571 ",2024-06-30,
시그너스 기사단 패키지 선택권,7," 1,333,333,333 "," 190,476,190 ",2024-06-30,
시그너스 기사단 패키지 선택권,7," 1,340,000,000 "," 191,428,571 ",2024-06-30,
시그너스 기사단 패키지 선택권,7," 1,344,444,444 "," 192,063,492 ",2024-06-30,
시그너스 기사단 패키지 선택권,7," 1,349,998,887 "," 192,856,984 ",2024-06-30,
시그너스 기사단 패키지 선택권,7," 1,349,998,887 "," 192,856,984 ",2024-06-30,
시그너스 기사단 패키지 선택권,7," 1,349,998,888 "," 192,856,984 ",2024-06-30,
시그너스 기사단 패키지 선택권,7," 1,349,998,888 "," 192,856,984 ",2024-06-30,
시그너스 기사단 패키지 선택권,7," 1,348,888,888 "," 192,698,413 ",2024-06-30,
시그너스 기사단 패키지 선택권,7," 1,348,666,666 "," 192,666,667 ",2024-06-30,
시그너스 기사단 패키지 선택권,7," 1,348,777,777 "," 192,682,540 ",2024-06-30,
시그너스 기사단 패키지 선택권,7," 1,349,899,897 "," 192,842,842 ",2024-06-30,
시그너스 기사단 패키지 선택권,7," 1,350,000,000 "," 192,857,143 ",2024-06-30,
시그너스 기사단 패키지 선택권,7," 1,355,555,555 "," 193,650,794 ",2024-06-30,
시그너스 기사단 패키지 선택권,7," 1,355,551,555 "," 193,650,222 ",2024-06-30,
시그너스 기사단 패키지 선택권,7," 1,355,555,555 "," 193,650,794 ",2024-06-30,
시그너스 기사단 패키지 선택권,7," 1,344,444,444 "," 192,063,492 ",2024-07-01,
시그너스 기사단 패키지 선택권,7," 1,333,333,333 "," 190,476,190 ",2024-07-01,
시그너스 기사단 패키지 선택권,7," 1,298,888,888 "," 185,555,555 ",2024-07-01,
시그너스 기사단 패키지 선택권,7," 1,290,000,000 "," 184,285,714 ",2024-07-01,
시그너스 기사단 패키지 선택권,7," 1,299,999,999 "," 185,714,286 ",2024-07-01,
시그너스 기사단 패키지 선택권,7," 1,320,000,000 "," 188,571,429 ",2024-07-01,
시그너스 기사단 패키지 선택권,7," 1,321,111,111 "," 188,730,159 ",2024-07-01,
시그너스 기사단 패키지 선택권,7," 1,200,000,000 "," 171,428,571 ",2024-07-01,
시그너스 기사단 패키지 선택권,7," 1,195,555,555 "," 170,793,651 ",2024-07-01,
시그너스 기사단 패키지 선택권,7," 1,190,000,000 "," 170,000,000 ",2024-07-01,
시그너스 기사단 패키지 선택권,7," 1,292,222,221 "," 184,603,174 ",2024-07-01,
시그너스 기사단 패키지 선택권,7," 1,292,220,000 "," 184,602,857 ",2024-07-01,
시그너스 기사단 패키지 선택권,7," 1,292,222,221 "," 184,603,174 ",2024-07-01,
시그너스 기사단 패키지 선택권,7," 1,289,999,999 "," 184,285,714 ",2024-07-01,
시그너스 기사단 패키지 선택권,7," 1,290,000,000 "," 184,285,714 ",2024-07-01,
시그너스 기사단 패키지 선택권,7," 1,289,999,999 "," 184,285,714 ",2024-07-01,
시그너스 기사단 패키지 선택권,7," 1,240,000,000 "," 177,142,857 ",2024-07-01,
시그너스 기사단 패키지 선택권,7," 1,237,555,555 "," 176,793,651 ",2024-07-01,
시그너스 기사단 패키지 선택권,7," 1,230,000,000 "," 175,714,286 ",2024-07-01,
시그너스 기사단 패키지 선택권,7," 1,237,777,777 "," 176,825,397 ",2024-07-01,
시그너스 기사단 패키지 선택권,7," 1,230,000,000 "," 175,714,286 ",2024-07-01,
시그너스 기사단 패키지 선택권,7," 1,228,888,888 "," 175,555,555 ",2024-07-01,
시그너스 기사단 패키지 선택권,7," 1,228,999,999 "," 175,571,428 ",2024-07-01,
시그너스 기사단 패키지 선택권,7," 1,229,000,000 "," 175,571,429 ",2024-07-01,
시그너스 기사단 패키지 선택권,7," 1,220,000,000 "," 174,285,714 ",2024-07-01,
시그너스 기사단 패키지 선택권,7," 1,100,000,000 "," 157,142,857 ",2024-07-01,
시그너스 기사단 패키지 선택권,7," 1,220,000,000 "," 174,285,714 ",2024-07-01,
시그너스 기사단 패키지 선택권,7," 1,220,000,000 "," 174,285,714 ",2024-07-01,
시그너스 기사단 패키지 선택권,7," 1,229,999,999 "," 175,714,286 ",2024-07-01,
시그너스 기사단 패키지 선택권,7," 1,222,222,222 "," 174,603,175 ",2024-07-01,
시그너스 기사단 패키지 선택권,7," 1,230,000,000 "," 175,714,286 ",2024-07-01,
시그너스 기사단 패키지 선택권,7," 1,237,777,777 "," 176,825,397 ",2024-07-01,
시그너스 기사단 패키지 선택권,7," 1,236,999,999 "," 176,714,286 ",2024-07-01,
시그너스 기사단 패키지 선택권,7," 1,237,999,998 "," 176,857,143 ",2024-07-01,
시그너스 기사단 패키지 선택권,7," 1,238,888,888 "," 176,984,127 ",2024-07-01,
시그너스 기사단 패키지 선택권,7," 1,239,000,000 "," 177,000,000 ",2024-07-01,
시그너스 기사단 패키지 선택권,7," 1,246,666,665 "," 178,095,238 ",2024-07-01,
시그너스 기사단 패키지 선택권,7," 1,246,666,666 "," 178,095,238 ",2024-07-01,
시그너스 기사단 패키지 선택권,7," 1,250,000,000 "," 178,571,429 ",2024-07-01,
시그너스 기사단 패키지 선택권,7," 1,283,333,333 "," 183,333,333 ",2024-07-01,
시그너스 기사단 패키지 선택권,7," 1,285,000,000 "," 183,571,429 ",2024-07-01,
시그너스 기사단 패키지 선택권,7," 1,291,111,111 "," 184,444,444 ",2024-07-02,
시그너스 기사단 패키지 선택권,7," 1,298,888,888 "," 185,555,555 ",2024-07-02,
시그너스 기사단 패키지 선택권,7," 1,299,999,999 "," 185,714,286 ",2024-07-02,
시그너스 기사단 패키지 선택권,7," 1,309,999,999 "," 187,142,857 ",2024-07-02,
시그너스 기사단 패키지 선택권,7," 1,290,000,000 "," 184,285,714 ",2024-07-02,
시그너스 기사단 패키지 선택권,7," 1,299,999,999 "," 185,714,286 ",2024-07-02,
시그너스 기사단 패키지 선택권,7," 1,305,555,555 "," 186,507,936 ",2024-07-02,
시그너스 기사단 패키지 선택권,7," 1,306,666,666 "," 186,666,667 ",2024-07-02,
시그너스 기사단 패키지 선택권,7," 1,299,999,888 "," 185,714,270 ",2024-07-02,
시그너스 기사단 패키지 선택권,7," 1,299,999,998 "," 185,714,285 ",2024-07-02,
시그너스 기사단 패키지 선택권,7," 1,299,999,999 "," 185,714,286 ",2024-07-02,
시그너스 기사단 패키지 선택권,7," 1,307,777,755 "," 186,825,394 ",2024-07-02,
시그너스 기사단 패키지 선택권,7," 1,307,777,775 "," 186,825,396 ",2024-07-02,
시그너스 기사단 패키지 선택권,7," 1,307,777,776 "," 186,825,397 ",2024-07-02,
시그너스 기사단 패키지 선택권,7," 1,300,000,000 "," 185,714,286 ",2024-07-02,
시그너스 기사단 패키지 선택권,7," 1,290,000,000 "," 184,285,714 ",2024-07-02,
시그너스 기사단 패키지 선택권,7," 1,199,999,999 "," 171,428,571 ",2024-07-03,
시그너스 기사단 패키지 선택권,7," 1,199,999,999 "," 171,428,571 ",2024-07-03,
시그너스 기사단 패키지 선택권,7," 1,222,222,222 "," 174,603,175 ",2024-07-03,
시그너스 기사단 패키지 선택권,7," 1,233,000,000 "," 176,142,857 ",2024-07-03,
시그너스 기사단 패키지 선택권,7," 1,234,567,890 "," 176,366,841 ",2024-07-03,
시그너스 기사단 패키지 선택권,7," 1,277,777,776 "," 182,539,682 ",2024-07-03,
시그너스 기사단 패키지 선택권,7," 1,265,999,999 "," 180,857,143 ",2024-07-03,
시그너스 기사단 패키지 선택권,7," 1,266,666,666 "," 180,952,381 ",2024-07-03,
시그너스 기사단 패키지 선택권,7," 1,255,555,555 "," 179,365,079 ",2024-07-03,
시그너스 기사단 패키지 선택권,7," 664,699,999 "," 94,957,143 ",2024-07-03,
시그너스 기사단 패키지 선택권,7," 1,259,999,998 "," 180,000,000 ",2024-07-03,
시그너스 기사단 패키지 선택권,7," 1,259,999,999 "," 180,000,000 ",2024-07-03,
시그너스 기사단 패키지 선택권,7," 1,260,000,000 "," 180,000,000 ",2024-07-03,
시그너스 기사단 패키지 선택권,7," 1,265,000,000 "," 180,714,286 ",2024-07-03,
시그너스 기사단 패키지 선택권,7," 1,264,444,444 "," 180,634,921 ",2024-07-03,
시그너스 기사단 패키지 선택권,7," 1,265,000,000 "," 180,714,286 ",2024-07-03,
시그너스 기사단 패키지 선택권,7," 1,265,555,555 "," 180,793,651 ",2024-07-03,
시그너스 기사단 패키지 선택권,7," 1,261,212,121 "," 180,173,160 ",2024-07-03,
시그너스 기사단 패키지 선택권,7," 1,264,222,222 "," 180,603,175 ",2024-07-03,
시그너스 기사단 패키지 선택권,7," 1,264,999,998 "," 180,714,285 ",2024-07-04,
시그너스 기사단 패키지 선택권,7," 1,264,444,444 "," 180,634,921 ",2024-07-04,
시그너스 기사단 패키지 선택권,7," 1,264,777,777 "," 180,682,540 ",2024-07-04,
시그너스 기사단 패키지 선택권,7," 1,255,555,555 "," 179,365,079 ",2024-07-04,
시그너스 기사단 패키지 선택권,7," 1,254,999,999 "," 179,285,714 ",2024-07-04,
시그너스 기사단 패키지 선택권,7," 1,220,000,000 "," 174,285,714 ",2024-07-04,
시그너스 기사단 패키지 선택권,7," 1,222,222,221 "," 174,603,174 ",2024-07-04,
시그너스 기사단 패키지 선택권,7," 1,200,000,000 "," 171,428,571 ",2024-07-04,
시그너스 기사단 패키지 선택권,7," 1,220,000,000 "," 174,285,714 ",2024-07-04,
시그너스 기사단 패키지 선택권,7," 1,199,888,777 "," 171,412,682 ",2024-07-04,
시그너스 기사단 패키지 선택권,7," 1,194,999,999 "," 170,714,286 ",2024-07-04,
시그너스 기사단 패키지 선택권,7," 1,185,444,444 "," 169,349,206 ",2024-07-04,
시그너스 기사단 패키지 선택권,7," 1,185,555,555 "," 169,365,079 ",2024-07-04,
시그너스 기사단 패키지 선택권,7," 1,159,999,998 "," 165,714,285 ",2024-07-04,
시그너스 기사단 패키지 선택권,7," 1,150,000,000 "," 164,285,714 ",2024-07-04,
시그너스 기사단 패키지 선택권,7," 1,155,550,000 "," 165,078,571 ",2024-07-04,
시그너스 기사단 패키지 선택권,7," 1,155,555,444 "," 165,079,349 ",2024-07-04,
시그너스 기사단 패키지 선택권,7," 1,155,555,554 "," 165,079,365 ",2024-07-04,
시그너스 기사단 패키지 선택권,7," 1,155,555,555 "," 165,079,365 ",2024-07-04,
시그너스 기사단 패키지 선택권,7," 1,158,888,888 "," 165,555,555 ",2024-07-04,
시그너스 기사단 패키지 선택권,7," 1,150,000,000 "," 164,285,714 ",2024-07-04,
시그너스 기사단 패키지 선택권,7," 1,149,999,999 "," 164,285,714 ",2024-07-04,
시그너스 기사단 패키지 선택권,7," 1,148,000,000 "," 164,000,000 ",2024-07-05,
시그너스 기사단 패키지 선택권,7," 1,149,787,977 "," 164,255,425 ",2024-07-05,
시그너스 기사단 패키지 선택권,7," 1,149,878,786 "," 164,268,398 ",2024-07-05,
시그너스 기사단 패키지 선택권,7," 1,132,323,232 "," 161,760,462 ",2024-07-05,
시그너스 기사단 패키지 선택권,7," 1,133,333,333 "," 161,904,762 ",2024-07-05,
시그너스 기사단 패키지 선택권,7," 1,133,333,111 "," 161,904,730 ",2024-07-05,
시그너스 기사단 패키지 선택권,7," 1,098,888,866 "," 156,984,124 ",2024-07-05,
시그너스 기사단 패키지 선택권,7," 1,098,888,887 "," 156,984,127 ",2024-07-05,
시그너스 기사단 패키지 선택권,7," 1,097,777,777 "," 156,825,397 ",2024-07-05,
시그너스 기사단 패키지 선택권,7," 1,098,888,888 "," 156,984,127 ",2024-07-05,
시그너스 기사단 패키지 선택권,7," 1,099,999,999 "," 157,142,857 ",2024-07-05,
시그너스 기사단 패키지 선택권,7," 1,133,333,222 "," 161,904,746 ",2024-07-05,
시그너스 기사단 패키지 선택권,7," 1,113,222,222 "," 159,031,746 ",2024-07-05,
시그너스 기사단 패키지 선택권,7," 1,128,888,887 "," 161,269,841 ",2024-07-05,
시그너스 기사단 패키지 선택권,7," 1,127,777,777 "," 161,111,111 ",2024-07-05,
시그너스 기사단 패키지 선택권,7," 1,111,111,111 "," 158,730,159 ",2024-07-05,
시그너스 기사단 패키지 선택권,7," 1,125,555,555 "," 160,793,651 ",2024-07-05,
시그너스 기사단 패키지 선택권,7," 1,127,776,666 "," 161,110,952 ",2024-07-05,
시그너스 기사단 패키지 선택권,7," 1,126,000,000 "," 160,857,143 ",2024-07-05,
시그너스 기사단 패키지 선택권,7," 1,127,777,776 "," 161,111,111 ",2024-07-05,
시그너스 기사단 패키지 선택권,7," 1,126,666,666 "," 160,952,381 ",2024-07-06,
시그너스 기사단 패키지 선택권,7," 1,126,666,666 "," 160,952,381 ",2024-07-06,
시그너스 기사단 패키지 선택권,7," 1,119,999,999 "," 160,000,000 ",2024-07-06,
시그너스 기사단 패키지 선택권,7," 1,100,000,000 "," 157,142,857 ",2024-07-06,
시그너스 기사단 패키지 선택권,7," 1,099,999,999 "," 157,142,857 ",2024-07-06,
시그너스 기사단 패키지 선택권,7," 1,110,000,000 "," 158,571,429 ",2024-07-06,
시그너스 기사단 패키지 선택권,7," 1,110,000,000 "," 158,571,429 ",2024-07-06,
시그너스 기사단 패키지 선택권,7," 1,109,000,000 "," 158,428,571 ",2024-07-06,
시그너스 기사단 패키지 선택권,7," 1,094,444,444 "," 156,349,206 ",2024-07-06,
시그너스 기사단 패키지 선택권,7," 1,089,999,999 "," 155,714,286 ",2024-07-06,
시그너스 기사단 패키지 선택권,7," 1,095,000,000 "," 156,428,571 ",2024-07-06,
시그너스 기사단 패키지 선택권,7," 1,090,000,000 "," 155,714,286 ",2024-07-06,
시그너스 기사단 패키지 선택권,7," 1,100,000,000 "," 157,142,857 ",2024-07-06,
시그너스 기사단 패키지 선택권,7," 1,105,000,000 "," 157,857,143 ",2024-07-06,
시그너스 기사단 패키지 선택권,7," 1,109,999,999 "," 158,571,428 ",2024-07-06,
시그너스 기사단 패키지 선택권,7," 1,112,222,222 "," 158,888,889 ",2024-07-06,
시그너스 기사단 패키지 선택권,7," 1,111,111,111 "," 158,730,159 ",2024-07-06,
시그너스 기사단 패키지 선택권,7," 1,111,111,111 "," 158,730,159 ",2024-07-06,
시그너스 기사단 패키지 선택권,7," 1,115,555,553 "," 159,365,079 ",2024-07-06,
시그너스 기사단 패키지 선택권,7," 1,115,555,554 "," 159,365,079 ",2024-07-06,
시그너스 기사단 패키지 선택권,7," 1,115,555,553 "," 159,365,079 ",2024-07-06,
시그너스 기사단 패키지 선택권,7," 1,100,000,000 "," 157,142,857 ",2024-07-06,
시그너스 기사단 패키지 선택권,7," 1,108,888,771 "," 158,412,682 ",2024-07-06,
시그너스 기사단 패키지 선택권,7," 1,099,999,999 "," 157,142,857 ",2024-07-06,
시그너스 기사단 패키지 선택권,7," 1,108,888,887 "," 158,412,698 ",2024-07-06,
시그너스 기사단 패키지 선택권,7," 1,087,777,777 "," 155,396,825 ",2024-07-06,
시그너스 기사단 패키지 선택권,7," 1,022,222,222 "," 146,031,746 ",2024-07-07,
시그너스 기사단 패키지 선택권,7," 1,031,111,111 "," 147,301,587 ",2024-07-07,
시그너스 기사단 패키지 선택권,7," 1,009,999,999 "," 144,285,714 ",2024-07-07,
시그너스 기사단 패키지 선택권,7," 1,011,111,111 "," 144,444,444 ",2024-07-07,
시그너스 기사단 패키지 선택권,7," 1,024,444,444 "," 146,349,206 ",2024-07-07,
시그너스 기사단 패키지 선택권,7," 1,025,555,555 "," 146,507,936 ",2024-07-07,
시그너스 기사단 패키지 선택권,7," 1,031,000,000 "," 147,285,714 ",2024-07-07,
시그너스 기사단 패키지 선택권,7," 1,033,333,333 "," 147,619,048 ",2024-07-07,
시그너스 기사단 패키지 선택권,7," 1,045,500,000 "," 149,357,143 ",2024-07-07,
시그너스 기사단 패키지 선택권,7," 1,098,553,632 "," 156,936,233 ",2024-07-07,
시그너스 기사단 패키지 선택권,7," 1,132,222,221 "," 161,746,032 ",2024-07-07,
시그너스 기사단 패키지 선택권,7," 1,177,777,777 "," 168,253,968 ",2024-07-07,
시그너스 기사단 패키지 선택권,7," 1,087,777,777 "," 155,396,825 ",2024-07-07,
시그너스 기사단 패키지 선택권,7," 1,088,888,888 "," 155,555,555 ",2024-07-07,
시그너스 기사단 패키지 선택권,7," 1,090,000,000 "," 155,714,286 ",2024-07-07,
시그너스 기사단 패키지 선택권,7," 1,094,999,999 "," 156,428,571 ",2024-07-07,
시그너스 기사단 패키지 선택권,7," 1,089,999,999 "," 155,714,286 ",2024-07-07,
시그너스 기사단 패키지 선택권,7," 1,059,999,999 "," 151,428,571 ",2024-07-07,
시그너스 기사단 패키지 선택권,7," 1,089,900,000 "," 155,700,000 ",2024-07-07,
시그너스 기사단 패키지 선택권,7," 1,089,999,999 "," 155,714,286 ",2024-07-07,
시그너스 기사단 패키지 선택권,7," 1,095,000,000 "," 156,428,571 ",2024-07-07,
시그너스 기사단 패키지 선택권,7," 1,050,000,000 "," 150,000,000 ",2024-07-07,
시그너스 기사단 패키지 선택권,7," 1,150,000,000 "," 164,285,714 ",2024-07-08,
시그너스 기사단 패키지 선택권,7," 1,177,777,777 "," 168,253,968 ",2024-07-08,
시그너스 기사단 패키지 선택권,7," 1,150,000,000 "," 164,285,714 ",2024-07-08,
시그너스 기사단 패키지 선택권,7," 1,189,999,999 "," 170,000,000 ",2024-07-08,
시그너스 기사단 패키지 선택권,7," 1,199,999,999 "," 171,428,571 ",2024-07-08,
시그너스 기사단 패키지 선택권,7," 1,222,222,221 "," 174,603,174 ",2024-07-08,
시그너스 기사단 패키지 선택권,7," 1,199,000,000 "," 171,285,714 ",2024-07-08,
시그너스 기사단 패키지 선택권,7," 1,190,000,000 "," 170,000,000 ",2024-07-08,
시그너스 기사단 패키지 선택권,7," 1,195,555,554 "," 170,793,651 ",2024-07-08,
시그너스 기사단 패키지 선택권,7," 1,195,555,555 "," 170,793,651 ",2024-07-08,
시그너스 기사단 패키지 선택권,7," 1,196,666,666 "," 170,952,381 ",2024-07-08,
시그너스 기사단 패키지 선택권,7," 1,099,999,999 "," 157,142,857 ",2024-07-08,
시그너스 기사단 패키지 선택권,7," 1,189,900,000 "," 169,985,714 ",2024-07-09,
시그너스 기사단 패키지 선택권,7," 1,177,777,777 "," 168,253,968 ",2024-07-09,
시그너스 기사단 패키지 선택권,7," 1,188,888,888 "," 169,841,270 ",2024-07-09,
시그너스 기사단 패키지 선택권,7," 759,999,999 "," 108,571,428 ",2024-07-09,
시그너스 기사단 패키지 선택권,7," 1,144,444,444 "," 163,492,063 ",2024-07-09,
시그너스 기사단 패키지 선택권,7," 1,155,555,544 "," 165,079,363 ",2024-07-09,
시그너스 기사단 패키지 선택권,7," 1,149,999,999 "," 164,285,714 ",2024-07-09,
시그너스 기사단 패키지 선택권,7," 1,111,111,111 "," 158,730,159 ",2024-07-09,
시그너스 기사단 패키지 선택권,7," 1,149,000,000 "," 164,142,857 ",2024-07-09,
시그너스 기사단 패키지 선택권,7," 1,144,900,000 "," 163,557,143 ",2024-07-09,
시그너스 기사단 패키지 선택권,7," 1,145,000,000 "," 163,571,429 ",2024-07-09,
시그너스 기사단 패키지 선택권,7," 1,133,333,333 "," 161,904,762 ",2024-07-09,
시그너스 기사단 패키지 선택권,7," 1,144,444,332 "," 163,492,047 ",2024-07-10,
시그너스 기사단 패키지 선택권,7," 1,130,000,000 "," 161,428,571 ",2024-07-10,
시그너스 기사단 패키지 선택권,7," 1,130,000,000 "," 161,428,571 ",2024-07-10,
시그너스 기사단 패키지 선택권,7," 1,110,000,000 "," 158,571,429 ",2024-07-10,
시그너스 기사단 패키지 선택권,7," 1,090,000,000 "," 155,714,286 ",2024-07-10,
시그너스 기사단 패키지 선택권,7," 1,099,998,000 "," 157,142,571 ",2024-07-10,
시그너스 기사단 패키지 선택권,7," 1,099,999,000 "," 157,142,714 ",2024-07-10,
시그너스 기사단 패키지 선택권,7," 1,080,000,000 "," 154,285,714 ",2024-07-10,
시그너스 기사단 패키지 선택권,7," 1,075,000,000 "," 153,571,429 ",2024-07-10,
시그너스 기사단 패키지 선택권,7," 1,077,777,666 "," 153,968,238 ",2024-07-10,
시그너스 기사단 패키지 선택권,7," 1,070,000,000 "," 152,857,143 ",2024-07-10,
시그너스 기사단 패키지 선택권,7," 1,066,666,666 "," 152,380,952 ",2024-07-11,
시그너스 기사단 패키지 선택권,7," 1,059,999,999 "," 151,428,571 ",2024-07-11,
시그너스 기사단 패키지 선택권,7," 1,059,999,999 "," 151,428,571 ",2024-07-11,
시그너스 기사단 패키지 선택권,7," 1,066,666,666 "," 152,380,952 ",2024-07-11,
시그너스 기사단 패키지 선택권,7," 1,065,555,555 "," 152,222,222 ",2024-07-11,
시그너스 기사단 패키지 선택권,7," 1,065,000,000 "," 152,142,857 ",2024-07-11,
시그너스 기사단 패키지 선택권,7," 1,064,999,998 "," 152,142,857 ",2024-07-11,
시그너스 기사단 패키지 선택권,7," 1,060,000,000 "," 151,428,571 ",2024-07-11,
시그너스 기사단 패키지 선택권,7," 1,064,999,999 "," 152,142,857 ",2024-07-11,
시그너스 기사단 패키지 선택권,7," 1,065,554,444 "," 152,222,063 ",2024-07-11,
시그너스 기사단 패키지 선택권,7," 1,011,111,111 "," 144,444,444 ",2024-07-11,
시그너스 기사단 패키지 선택권,7," 1,010,000,000 "," 144,285,714 ",2024-07-11,
시그너스 기사단 패키지 선택권,7," 1,022,222,222 "," 146,031,746 ",2024-07-11,
시그너스 기사단 패키지 선택권,7," 1,033,333,333 "," 147,619,048 ",2024-07-11,
시그너스 기사단 패키지 선택권,7," 1,040,000,000 "," 148,571,429 ",2024-07-11,
시그너스 기사단 패키지 선택권,7," 1,044,000,000 "," 149,142,857 ",2024-07-12,
시그너스 기사단 패키지 선택권,7," 1,043,999,997 "," 149,142,857 ",2024-07-12,
시그너스 기사단 패키지 선택권,7," 1,039,999,999 "," 148,571,428 ",2024-07-12,
시그너스 기사단 패키지 선택권,7," 1,044,000,000 "," 149,142,857 ",2024-07-12,
시그너스 기사단 패키지 선택권,7," 1,044,000,000 "," 149,142,857 ",2024-07-12,
시그너스 기사단 패키지 선택권,7," 1,044,000,000 "," 149,142,857 ",2024-07-12,
시그너스 기사단 패키지 선택권,7," 1,044,440,000 "," 149,205,714 ",2024-07-12,
시그너스 기사단 패키지 선택권,7," 1,044,439,999 "," 149,205,714 ",2024-07-12,
시그너스 기사단 패키지 선택권,7," 1,033,333,333 "," 147,619,048 ",2024-07-12,
시그너스 기사단 패키지 선택권,7," 1,038,888,888 "," 148,412,698 ",2024-07-12,
시그너스 기사단 패키지 선택권,7," 1,039,999,999 "," 148,571,428 ",2024-07-12,
시그너스 기사단 패키지 선택권,7," 1,039,999,999 "," 148,571,428 ",2024-07-12,
시그너스 기사단 패키지 선택권,7," 1,039,999,999 "," 148,571,428 ",2024-07-12,
시그너스 기사단 패키지 선택권,7," 1,039,999,999 "," 148,571,428 ",2024-07-12,
시그너스 기사단 패키지 선택권,7," 1,040,000,000 "," 148,571,429 ",2024-07-12,
시그너스 기사단 패키지 선택권,7," 1,039,000,000 "," 148,428,571 ",2024-07-13,
시그너스 기사단 패키지 선택권,7," 1,033,333,333 "," 147,619,048 ",2024-07-13,
시그너스 기사단 패키지 선택권,7," 1,022,222,222 "," 146,031,746 ",2024-07-13,
시그너스 기사단 패키지 선택권,7," 1,022,222,222 "," 146,031,746 ",2024-07-13,
시그너스 기사단 패키지 선택권,7," 1,037,666,666 "," 148,238,095 ",2024-07-13,
시그너스 기사단 패키지 선택권,7," 1,000,000,000 "," 142,857,143 ",2024-07-13,
시그너스 기사단 패키지 선택권,7," 1,040,000,000 "," 148,571,429 ",2024-07-13,
시그너스 기사단 패키지 선택권,7," 1,055,555,555 "," 150,793,651 ",2024-07-13,
시그너스 기사단 패키지 선택권,7," 1,055,555,555 "," 150,793,651 ",2024-07-13,
시그너스 기사단 패키지 선택권,7," 1,100,000,000 "," 157,142,857 ",2024-07-13,
시그너스 기사단 패키지 선택권,7," 1,144,444,444 "," 163,492,063 ",2024-07-13,
시그너스 기사단 패키지 선택권,7," 1,133,333,333 "," 161,904,762 ",2024-07-13,
시그너스 기사단 패키지 선택권,7," 1,124,900,000 "," 160,700,000 ",2024-07-13,
시그너스 기사단 패키지 선택권,7," 1,124,988,888 "," 160,712,698 ",2024-07-13,
시그너스 기사단 패키지 선택권,7," 1,124,999,999 "," 160,714,286 ",2024-07-13,
시그너스 기사단 패키지 선택권,7," 1,000,000,000 "," 142,857,143 ",2024-07-14,
시그너스 기사단 패키지 선택권,7," 1,095,000,000 "," 156,428,571 ",2024-07-14,
시그너스 기사단 패키지 선택권,7," 1,093,000,000 "," 156,142,857 ",2024-07-14,
시그너스 기사단 패키지 선택권,7," 1,093,333,333 "," 156,190,476 ",2024-07-14,
시그너스 기사단 패키지 선택권,7," 1,029,888,888 "," 147,126,984 ",2024-07-14,
시그너스 기사단 패키지 선택권,7," 999,000,000 "," 142,714,286 ",2024-07-14,
시그너스 기사단 패키지 선택권,7," 999,999,777 "," 142,857,111 ",2024-07-14,
시그너스 기사단 패키지 선택권,7," 975,000,000 "," 139,285,714 ",2024-07-14,
시그너스 기사단 패키지 선택권,7," 970,000,000 "," 138,571,429 ",2024-07-14,
시그너스 기사단 패키지 선택권,7," 977,777,777 "," 139,682,540 ",2024-07-14,
시그너스 기사단 패키지 선택권,7," 977,770,000 "," 139,681,429 ",2024-07-14,
시그너스 기사단 패키지 선택권,7," 974,999,999 "," 139,285,714 ",2024-07-14,
시그너스 기사단 패키지 선택권,7," 975,000,000 "," 139,285,714 ",2024-07-14,
시그너스 기사단 패키지 선택권,7," 977,777,770 "," 139,682,539 ",2024-07-14,
시그너스 기사단 패키지 선택권,7," 979,999,998 "," 140,000,000 ",2024-07-14,
시그너스 기사단 패키지 선택권,7," 979,999,998 "," 140,000,000 ",2024-07-15,
시그너스 기사단 패키지 선택권,7," 979,888,888 "," 139,984,127 ",2024-07-15,
시그너스 기사단 패키지 선택권,7," 977,777,776 "," 139,682,539 ",2024-07-15,
시그너스 기사단 패키지 선택권,7," 970,000,000 "," 138,571,429 ",2024-07-15,
시그너스 기사단 패키지 선택권,7," 964,444,444 "," 137,777,778 ",2024-07-15,
시그너스 기사단 패키지 선택권,7," 959,900,000 "," 137,128,571 ",2024-07-15,
시그너스 기사단 패키지 선택권,7," 950,000,000 "," 135,714,286 ",2024-07-15,
시그너스 기사단 패키지 선택권,7," 933,333,333 "," 133,333,333 ",2024-07-15,
시그너스 기사단 패키지 선택권,7," 943,333,333 "," 134,761,905 ",2024-07-15,
시그너스 기사단 패키지 선택권,7," 943,333,333 "," 134,761,905 ",2024-07-15,
